target,features,n_features,CV_R2,Dev_R2,Test_R2,Gap
altura_max_m,full,123,0.5600066738955597,0.7343718761995758,0.6274926551479928,0.10687922105158298
ganancia_altura_m,full,123,0.5311079962936099,0.7236948878800744,0.5988509828424434,0.12484390503763099
duracion_min,full,123,0.34704162737880095,0.5717764781402094,0.5647679516688264,0.007008526471382948
distancia_km,full,123,0.4509879834897986,0.6364979459362812,0.6485021405396545,-0.01200419460337332
velocidad_promedio_kmh,full,123,0.25932869596769653,0.5072642288980179,0.44412320300304764,0.06314102589497028
num_termicas,full,123,0.09360871766961235,0.3572706100213049,0.23709683499382994,0.12017377502747495
intensidad_termicas_mean_ms,full,123,-0.15316271713233126,0.2423082454893256,0.0,0.40235132276184593
tiempo_en_termicas_min,full,123,0.3781973476371718,0.5890374991330989,0.6292037490196444,-0.04016624988654549
tasa_ascenso_mean_ms,full,123,-0.0937871894893191,0.2177536026945306,0.0,0.4842744452344523
