target,features,n_features,CV_R2,Dev_R2,Test_R2,Gap
altura_max_m,simple,13,0.5704513353996791,0.7633687903915541,0.6294223871656228,0.13394640322593132
ganancia_altura_m,simple,13,0.5462494894186285,0.7519783478724082,0.5940333449485644,0.15794500292384384
duracion_min,simple,13,0.34895902407916957,0.6080383284853603,0.604561796094812,0.003476532390548348
distancia_km,simple,13,0.4515539968534649,0.6752441586885456,0.6677873593288615,0.00745679935968413
velocidad_promedio_kmh,simple,13,0.30232092431643204,0.5739432580494706,0.5067814062817089,0.06716185176776168
num_termicas,simple,13,0.09422029906230282,0.42269588589217055,0.25254674727260074,0.17014913861956982
intensidad_termicas_mean_ms,simple,13,-0.1371835144000273,0.28998619166410255,0.0,0.4045508235504637
tiempo_en_termicas_min,simple,13,0.37999319679626664,0.6296135842236182,0.6502168465088722,-0.020603262285253998
tasa_ascenso_mean_ms,simple,13,-0.09630824568061462,0.2549112698997509,0.0,0.4143686136769593
