target,features,max_depth,min_child_weight,learning_rate,n_estimators,subsample,colsample_bytree,CV_R2,Dev_R2,Test_R2,Gap
altura_max_m,simple,5,3,0.1,150,1.0,0.8,0.6723725100946238,0.9824383169864974,0.6671311823018233,0.00524132779280051
ganancia_altura_m,simple,6,3,0.05,100,1.0,0.8,0.6527299612031439,0.9504477595587205,0.652646088960053,8.38722430908101e-05
duracion_min,simple,6,3,0.1,50,1.0,0.6,0.4222083562952218,0.8789976102613665,0.6467316914441985,-0.2245233351489767
distancia_km,simple,4,7,0.2,50,1.0,0.6,0.5066721573714354,0.8586637420117723,0.7207513850345948,-0.21407922766315934
velocidad_promedio_kmh,simple,6,5,0.1,50,1.0,0.8,0.3458845120750009,0.8505445685469568,0.5551799470648653,-0.20929543498986436
num_termicas,simple,5,5,0.01,150,0.8,0.6,0.11155785179361855,0.4387509799642202,0.2770696137261961,-0.16551176193257755
intensidad_termicas_mean_ms,simple,2,10,0.01,50,0.6,0.6,-0.02516132086788645,0.05871649036935389,0.0,0.01767768918503123
tiempo_en_termicas_min,simple,3,7,0.1,100,1.0,1.0,0.44675299168146265,0.7880309699871619,0.6264308083730266,-0.1796778166915639
tasa_ascenso_mean_ms,simple,4,10,0.01,50,0.6,0.6,0.004586471893459865,0.08678557598587455,0.0,0.03265283983710356
