target,features,n_features,CV_R2,Dev_R2,Test_R2,Gap
altura_max_m,simple,13,0.5867804549013604,0.9998860095719331,0.6368175137870704,0.36306849578486267
ganancia_altura_m,simple,13,0.6105483784755226,0.9998742267506017,0.5862366378384889,0.4136375889121128
duracion_min,simple,13,0.304823176937686,0.999583997803179,0.5280135890815678,0.47157040872161116
distancia_km,simple,13,0.43827616593878194,0.9997266225267858,0.6976723882776383,0.30205423424914746
velocidad_promedio_kmh,simple,13,0.282043431085515,0.9991002355683907,0.4681985961237416,0.5309016394446491
num_termicas,simple,13,-0.2324290538822596,0.9979015363516035,0.02098601271983247,0.976915523631771
intensidad_termicas_mean_ms,simple,13,-0.9206107324579647,0.9988651282708324,0.0,1.2956691185635822
tiempo_en_termicas_min,simple,13,0.3148930654273158,0.9997024309758412,0.6250121320026429,0.3746902989731983
tasa_ascenso_mean_ms,simple,13,-1.0522012514530172,0.9992027693140241,0.0,1.3195556303670282
